,Time,nace_r2,geo,IP,unit,GAS_PRICE,IP_trend,GAS_PRICE_trend,IP_t1,IP_diffed,GAS_PRICE_t1,GAS_PRICE_diffed
0,2004-01-01,C,EU27_2020,91.7,I15,11.36,92.50340594744128,6.428984447643879,92.1,-0.3999999999999915,11.36,0.0
1,2004-02-01,C,EU27_2020,92.6,I15,10.7975,92.57152249460356,6.592548924890686,91.7,0.8999999999999915,11.36,-0.5625
2,2004-03-01,C,EU27_2020,92.3,I15,10.900434782608697,92.63963904176583,6.756113402137493,92.6,-0.29999999999999716,10.7975,0.10293478260869726
3,2004-04-01,C,EU27_2020,93.3,I15,10.974545454545456,92.70775558892811,6.9196778793843,92.3,1.0,10.900434782608697,0.07411067193675969
4,2004-05-01,C,EU27_2020,93.2,I15,11.221904761904762,92.77587213609038,7.083242356631107,93.3,-0.09999999999999432,10.974545454545456,0.24735930735930545
5,2004-06-01,C,EU27_2020,93.4,I15,10.607727272727272,92.84398868325266,7.246806833877914,93.2,0.20000000000000284,11.221904761904762,-0.6141774891774894
6,2004-07-01,C,EU27_2020,94.0,I15,10.65681818181818,92.91210523041494,7.41037131112472,93.4,0.5999999999999943,10.607727272727272,0.049090909090907076
7,2004-08-01,C,EU27_2020,91.7,I15,12.030909090909091,92.98022177757721,7.573935788371527,94.0,-2.299999999999997,10.65681818181818,1.3740909090909117
8,2004-09-01,C,EU27_2020,93.5,I15,12.784999999999998,93.04833832473949,7.737500265618334,91.7,1.7999999999999972,12.030909090909091,0.7540909090909071
9,2004-10-01,C,EU27_2020,94.0,I15,12.065238095238096,93.11645487190177,7.901064742865142,93.5,0.5,12.784999999999998,-0.7197619047619028
10,2004-11-01,C,EU27_2020,92.9,I15,12.959545454545456,93.18457141906404,8.064629220111948,94.0,-1.0999999999999943,12.065238095238096,0.8943073593073603
11,2004-12-01,C,EU27_2020,92.5,I15,14.537391304347826,93.25268796622632,8.228193697358755,92.9,-0.4000000000000057,12.959545454545456,1.5778458498023706
12,2005-01-01,C,EU27_2020,94.1,I15,14.123333333333331,93.3208045133886,8.391758174605561,92.5,1.5999999999999943,14.537391304347826,-0.41405797101449515
13,2005-02-01,C,EU27_2020,93.2,I15,16.8315,93.38892106055089,8.555322651852368,94.1,-0.8999999999999915,14.123333333333331,2.708166666666667
14,2005-03-01,C,EU27_2020,93.4,I15,18.585217391304347,93.45703760771316,8.718887129099176,93.2,0.20000000000000284,16.8315,1.753717391304349
15,2005-04-01,C,EU27_2020,94.9,I15,14.80857142857143,93.52515415487544,8.882451606345983,93.4,1.5,18.585217391304347,-3.7766459627329176
16,2005-05-01,C,EU27_2020,93.6,I15,14.289090909090907,93.59327070203771,9.04601608359279,94.9,-1.3000000000000114,14.80857142857143,-0.5194805194805223
17,2005-06-01,C,EU27_2020,94.5,I15,14.356363636363636,93.66138724919999,9.209580560839596,93.6,0.9000000000000057,14.289090909090907,0.06727272727272826
18,2005-07-01,C,EU27_2020,95.1,I15,15.540952380952382,93.72950379636227,9.373145038086403,94.5,0.5999999999999943,14.356363636363636,1.184588744588746
19,2005-08-01,C,EU27_2020,94.4,I15,15.107826086956525,93.79762034352454,9.53670951533321,95.1,-0.6999999999999886,15.540952380952382,-0.43312629399585667
20,2005-09-01,C,EU27_2020,95.8,I15,14.746363636363638,93.86573689068682,9.700273992580017,94.4,1.3999999999999915,15.107826086956525,-0.36146245059288695
21,2005-10-01,C,EU27_2020,96.1,I15,15.534761904761906,93.9338534378491,9.863838469826824,95.8,0.29999999999999716,14.746363636363638,0.788398268398268
22,2005-11-01,C,EU27_2020,97.2,I15,19.15909090909091,94.00196998501137,10.02740294707363,96.1,1.1000000000000085,15.534761904761906,3.624329004329004
23,2005-12-01,C,EU27_2020,96.3,I15,22.90363636363636,94.07008653217365,10.190967424320437,97.2,-0.9000000000000057,19.15909090909091,3.744545454545449
24,2006-01-01,C,EU27_2020,96.9,I15,25.695,94.13820307933592,10.354531901567245,96.3,0.6000000000000085,22.90363636363636,2.7913636363636414
25,2006-02-01,C,EU27_2020,96.8,I15,22.324,94.2063196264982,10.51809637881405,96.9,-0.10000000000000853,25.695,-3.3709999999999987
26,2006-03-01,C,EU27_2020,97.5,I15,26.028260869565216,94.27443617366048,10.681660856060859,96.8,0.7000000000000028,22.324,3.704260869565214
27,2006-04-01,C,EU27_2020,98.2,I15,21.388,94.34255272082275,10.845225333307665,97.5,0.7000000000000028,26.028260869565216,-4.640260869565214
28,2006-05-01,C,EU27_2020,100.3,I15,19.692608695652176,94.41066926798503,11.008789810554472,98.2,2.0999999999999943,21.388,-1.695391304347826
29,2006-06-01,C,EU27_2020,99.9,I15,19.58409090909091,94.4787858151473,11.17235428780128,100.3,-0.3999999999999915,19.692608695652176,-0.10851778656126498
30,2006-07-01,C,EU27_2020,99.6,I15,19.847619047619048,94.54690236230958,11.335918765048085,99.9,-0.30000000000001137,19.58409090909091,0.2635281385281374
31,2006-08-01,C,EU27_2020,100.4,I15,17.97826086956522,94.61501890947186,11.499483242294893,99.6,0.8000000000000114,19.847619047619048,-1.8693581780538295
32,2006-09-01,C,EU27_2020,100.8,I15,15.951428571428572,94.68313545663413,11.6630477195417,100.4,0.3999999999999915,17.97826086956522,-2.0268322981366467
33,2006-10-01,C,EU27_2020,100.7,I15,14.200454545454546,94.75125200379641,11.826612196788506,100.8,-0.09999999999999432,15.951428571428572,-1.7509740259740258
34,2006-11-01,C,EU27_2020,101.4,I15,19.87272727272727,94.81936855095869,11.990176674035315,100.7,0.7000000000000028,14.200454545454546,5.672272727272725
35,2006-12-01,C,EU27_2020,103.7,I15,16.45809523809524,94.88748509812096,12.15374115128212,101.4,2.299999999999997,19.87272727272727,-3.4146320346320316
36,2007-01-01,C,EU27_2020,103.2,I15,13.603478260869563,94.95560164528324,12.317305628528928,103.7,-0.5,16.45809523809524,-2.8546169772256764
37,2007-02-01,C,EU27_2020,103.6,I15,9.3105,95.02371819244551,12.480870105775734,103.2,0.3999999999999915,13.603478260869563,-4.292978260869564
38,2007-03-01,C,EU27_2020,104.2,I15,10.338636363636365,95.0918347396078,12.64443458302254,103.6,0.6000000000000085,9.3105,1.0281363636363654
39,2007-04-01,C,EU27_2020,102.8,I15,8.91904761904762,95.15995128677008,12.80799906026935,104.2,-1.4000000000000057,10.338636363636365,-1.4195887445887454
40,2007-05-01,C,EU27_2020,104.3,I15,11.71391304347826,95.22806783393236,12.971563537516154,102.8,1.5,8.91904761904762,2.7948654244306415
41,2007-06-01,C,EU27_2020,104.1,I15,10.586190476190476,95.29618438109463,13.135128014762962,104.3,-0.20000000000000284,11.71391304347826,-1.127722567287785
42,2007-07-01,C,EU27_2020,104.4,I15,14.946363636363635,95.36430092825691,13.298692492009769,104.1,0.30000000000001137,10.586190476190476,4.36017316017316
43,2007-08-01,C,EU27_2020,105.2,I15,14.281304347826088,95.43241747541919,13.462256969256575,104.4,0.7999999999999972,14.946363636363635,-0.665059288537547
44,2007-09-01,C,EU27_2020,104.6,I15,17.057,95.50053402258146,13.625821446503382,105.2,-0.6000000000000085,14.281304347826088,2.7756956521739102
45,2007-10-01,C,EU27_2020,105.3,I15,20.13478260869565,95.56865056974374,13.789385923750189,104.6,0.7000000000000028,17.057,3.077782608695653
46,2007-11-01,C,EU27_2020,104.6,I15,22.223636363636363,95.63676711690601,13.952950400996997,105.3,-0.7000000000000028,20.13478260869565,2.088853754940711
47,2007-12-01,C,EU27_2020,105.8,I15,23.133333333333333,95.70488366406829,14.116514878243803,104.6,1.2000000000000028,22.223636363636363,0.9096969696969701
48,2008-01-01,C,EU27_2020,107.3,I15,24.26347826086956,95.77300021123057,14.28007935549061,105.8,1.5,23.133333333333333,1.1301449275362287
49,2008-02-01,C,EU27_2020,107.1,I15,22.760952380952386,95.84111675839284,14.443643832737417,107.3,-0.20000000000000284,24.26347826086956,-1.502525879917176
50,2008-03-01,C,EU27_2020,105.9,I15,23.69333333333333,95.90923330555512,14.607208309984223,107.1,-1.1999999999999886,22.760952380952386,0.9323809523809459
51,2008-04-01,C,EU27_2020,106.5,I15,25.75318181818182,95.9773498527174,14.770772787231031,105.9,0.5999999999999943,23.69333333333333,2.0598484848484873
52,2008-05-01,C,EU27_2020,104.1,I15,25.01409090909091,96.04546639987967,14.934337264477838,106.5,-2.4000000000000057,25.75318181818182,-0.7390909090909084
53,2008-06-01,C,EU27_2020,104.1,I15,26.552380952380958,96.11358294704195,15.097901741724645,104.1,0.0,25.01409090909091,1.538290043290047
54,2008-07-01,C,EU27_2020,103.1,I15,25.08826086956521,96.18169949420422,15.261466218971451,104.1,-1.0,26.552380952380958,-1.4641200828157466
55,2008-08-01,C,EU27_2020,102.9,I15,24.035238095238096,96.2498160413665,15.425030696218258,103.1,-0.19999999999998863,25.08826086956521,-1.0530227743271148
56,2008-09-01,C,EU27_2020,101.4,I15,30.28409090909091,96.31793258852878,15.588595173465064,102.9,-1.5,24.035238095238096,6.248852813852814
57,2008-10-01,C,EU27_2020,99.1,I15,26.14260869565217,96.38604913569105,15.752159650711873,101.4,-2.3000000000000114,30.28409090909091,-4.141482213438739
58,2008-11-01,C,EU27_2020,95.3,I15,23.5355,96.45416568285333,15.91572412795868,99.1,-3.799999999999997,26.14260869565217,-2.6071086956521725
59,2008-12-01,C,EU27_2020,91.6,I15,21.674347826086954,96.5222822300156,16.079288605205484,95.3,-3.700000000000003,23.5355,-1.8611521739130445
60,2009-01-01,C,EU27_2020,87.1,I15,23.225,96.59039877717788,16.242853082452292,91.6,-4.5,21.674347826086954,1.550652173913047
61,2009-02-01,C,EU27_2020,85.4,I15,17.725,96.65851532434016,16.4064175596991,87.1,-1.6999999999999886,23.225,-5.5
62,2009-03-01,C,EU27_2020,84.7,I15,12.2,96.72663187150243,16.56998203694591,85.4,-0.7000000000000028,17.725,-5.525000000000002
63,2009-04-01,C,EU27_2020,83.9,I15,11.327272727272726,96.79474841866471,16.733546514192714,84.7,-0.7999999999999972,12.2,-0.872727272727273
64,2009-05-01,C,EU27_2020,85.6,I15,11.00952380952381,96.86286496582699,16.89711099143952,83.9,1.6999999999999886,11.327272727272726,-0.3177489177489168
65,2009-06-01,C,EU27_2020,85.9,I15,10.796818181818182,96.93098151298928,17.060675468686327,85.6,0.30000000000001137,11.00952380952381,-0.21270562770562762
66,2009-07-01,C,EU27_2020,85.9,I15,9.393478260869566,96.99909806015155,17.224239945933135,85.9,0.0,10.796818181818182,-1.403339920948616
67,2009-08-01,C,EU27_2020,86.2,I15,8.778571428571428,97.06721460731383,17.387804423179944,85.9,0.29999999999999716,9.393478260869566,-0.6149068322981375
68,2009-09-01,C,EU27_2020,88.3,I15,9.418181818181818,97.1353311544761,17.55136890042675,86.2,2.0999999999999943,8.778571428571428,0.6396103896103895
69,2009-10-01,C,EU27_2020,87.9,I15,10.340909090909092,97.20344770163838,17.714933377673553,88.3,-0.3999999999999915,9.418181818181818,0.9227272727272737
70,2009-11-01,C,EU27_2020,88.3,I15,9.738095238095235,97.27156424880066,17.87849785492036,87.9,0.3999999999999915,10.340909090909092,-0.6028138528138562
71,2009-12-01,C,EU27_2020,88.0,I15,11.4,97.33968079596293,18.04206233216717,88.3,-0.29999999999999716,9.738095238095235,1.6619047619047649
72,2010-01-01,C,EU27_2020,89.2,I15,14.44047619047619,97.40779734312521,18.205626809413978,88.0,1.2000000000000028,11.4,3.0404761904761894
73,2010-02-01,C,EU27_2020,88.9,I15,13.715,97.47591389028749,18.369191286660783,89.2,-0.29999999999999716,14.44047619047619,-0.7254761904761899
74,2010-03-01,C,EU27_2020,91.2,I15,11.954782608695652,97.54403043744976,18.532755763907588,88.9,2.299999999999997,13.715,-1.760217391304348
75,2010-04-01,C,EU27_2020,91.6,I15,13.49318181818182,97.61214698461204,18.696320241154396,91.2,0.3999999999999915,11.954782608695652,1.538399209486169
76,2010-05-01,C,EU27_2020,93.1,I15,16.781904761904762,97.68026353177432,18.859884718401204,91.6,1.5,13.49318181818182,3.2887229437229415
77,2010-06-01,C,EU27_2020,94.1,I15,19.222727272727276,97.74838007893659,19.02344919564801,93.1,1.0,16.781904761904762,2.440822510822514
78,2010-07-01,C,EU27_2020,93.4,I15,19.46954545454545,97.81649662609887,19.187013672894818,94.1,-0.6999999999999886,19.222727272727276,0.24681818181817405
79,2010-08-01,C,EU27_2020,94.0,I15,18.13090909090909,97.88461317326114,19.350578150141622,93.4,0.5999999999999943,19.46954545454545,-1.3386363636363612
80,2010-09-01,C,EU27_2020,94.8,I15,18.943181818181817,97.95272972042342,19.51414262738843,94.0,0.7999999999999972,18.13090909090909,0.8122727272727275
81,2010-10-01,C,EU27_2020,95.4,I15,18.497619047619047,98.0208462675857,19.67770710463524,94.8,0.6000000000000085,18.943181818181817,-0.4455627705627698
82,2010-11-01,C,EU27_2020,96.3,I15,19.477272727272727,98.08896281474797,19.841271581882044,95.4,0.8999999999999915,18.497619047619047,0.9796536796536799
83,2010-12-01,C,EU27_2020,96.3,I15,24.09478260869565,98.15707936191025,20.004836059128852,96.3,0.0,19.477272727272727,4.617509881422922
84,2011-01-01,C,EU27_2020,96.8,I15,22.34380952380953,98.22519590907253,20.168400536375657,96.3,0.5,24.09478260869565,-1.7509730848861196
85,2011-02-01,C,EU27_2020,98.0,I15,21.761,98.2933124562348,20.331965013622465,96.8,1.2000000000000028,22.34380952380953,-0.5828095238095301
86,2011-03-01,C,EU27_2020,97.9,I15,23.722608695652173,98.36142900339708,20.495529490869274,98.0,-0.09999999999999432,21.761,1.961608695652174
87,2011-04-01,C,EU27_2020,98.0,I15,22.854761904761904,98.42954555055935,20.65909396811608,97.9,0.09999999999999432,23.722608695652173,-0.867846790890269
88,2011-05-01,C,EU27_2020,98.7,I15,22.989545454545453,98.49766209772163,20.822658445362883,98.0,0.7000000000000028,22.854761904761904,0.134783549783549
89,2011-06-01,C,EU27_2020,97.1,I15,22.613636363636363,98.56577864488392,20.98622292260969,98.7,-1.6000000000000085,22.989545454545453,-0.3759090909090901
90,2011-07-01,C,EU27_2020,98.0,I15,21.51142857142857,98.6338951920462,21.1497873998565,97.1,0.9000000000000057,22.613636363636363,-1.1022077922077926
91,2011-08-01,C,EU27_2020,98.1,I15,21.93565217391304,98.70201173920847,21.313351877103308,98.0,0.09999999999999432,21.51142857142857,0.4242236024844708
92,2011-09-01,C,EU27_2020,97.3,I15,23.39363636363636,98.77012828637075,21.476916354350113,98.1,-0.7999999999999972,21.93565217391304,1.4579841897233194
93,2011-10-01,C,EU27_2020,97.2,I15,22.554761904761904,98.83824483353303,21.640480831596918,97.3,-0.09999999999999432,23.39363636363636,-0.8388744588744572
94,2011-11-01,C,EU27_2020,97.5,I15,23.73636363636364,98.9063613806953,21.804045308843726,97.2,0.29999999999999716,22.554761904761904,1.181601731601738
95,2011-12-01,C,EU27_2020,97.0,I15,22.296818181818185,98.97447792785758,21.967609786090534,97.5,-0.5,23.73636363636364,-1.4395454545454562
96,2012-01-01,C,EU27_2020,96.3,I15,21.865454545454543,99.04259447501985,22.131174263337343,97.0,-0.7000000000000028,22.296818181818185,-0.43136363636364194
97,2012-02-01,C,EU27_2020,95.7,I15,25.41142857142857,99.11071102218213,22.294738740584148,96.3,-0.5999999999999943,21.865454545454543,3.545974025974026
98,2012-03-01,C,EU27_2020,96.8,I15,23.80727272727273,99.1788275693444,22.458303217830952,95.7,1.0999999999999943,25.41142857142857,-1.6041558441558408
99,2012-04-01,C,EU27_2020,95.1,I15,24.78952380952381,99.24694411650668,22.62186769507776,96.8,-1.7000000000000028,23.80727272727273,0.9822510822510822
100,2012-05-01,C,EU27_2020,96.7,I15,24.19652173913044,99.31506066366896,22.78543217232457,95.1,1.6000000000000085,24.78952380952381,-0.5930020703933714
101,2012-06-01,C,EU27_2020,95.6,I15,23.67333333333333,99.38317721083124,22.948996649571377,96.7,-1.1000000000000085,24.19652173913044,-0.5231884057971108
102,2012-07-01,C,EU27_2020,96.1,I15,24.33272727272728,99.45129375799351,23.112561126818186,95.6,0.5,23.67333333333333,0.6593939393939507
103,2012-08-01,C,EU27_2020,97.0,I15,24.05652173913043,99.51941030515579,23.276125604064987,96.1,0.9000000000000057,24.33272727272728,-0.27620553359684763
104,2012-09-01,C,EU27_2020,95.0,I15,25.8255,99.58752685231806,23.439690081311795,97.0,-2.0,24.05652173913043,1.76897826086957
105,2012-10-01,C,EU27_2020,94.3,I15,26.70217391304348,99.65564339948034,23.603254558558604,95.0,-0.7000000000000028,25.8255,0.8766739130434793
106,2012-11-01,C,EU27_2020,93.5,I15,27.24909090909091,99.72375994664262,23.766819035805412,94.3,-0.7999999999999972,26.70217391304348,0.5469169960474289
107,2012-12-01,C,EU27_2020,94.0,I15,27.22333333333333,99.79187649380489,23.93038351305222,93.5,0.5,27.24909090909091,-0.025757575757580753
108,2013-01-01,C,EU27_2020,93.6,I15,26.51782608695652,99.85999304096717,24.09394799029902,94.0,-0.4000000000000057,27.22333333333333,-0.7055072463768077
109,2013-02-01,C,EU27_2020,93.5,I15,26.3165,99.92810958812944,24.25751246754583,93.6,-0.09999999999999432,26.51782608695652,-0.2013260869565201
110,2013-03-01,C,EU27_2020,94.0,I15,32.31666666666666,99.99622613529172,24.421076944792638,93.5,0.5,26.3165,6.0001666666666615
111,2013-04-01,C,EU27_2020,94.7,I15,28.575,100.064342682454,24.584641422039446,94.0,0.7000000000000028,32.31666666666666,-3.7416666666666636
112,2013-05-01,C,EU27_2020,94.9,I15,26.73304347826087,100.13245922961627,24.748205899286248,94.7,0.20000000000000284,28.575,-1.841956521739128
113,2013-06-01,C,EU27_2020,95.3,I15,26.23,100.20057577677855,24.911770376533056,94.9,0.3999999999999915,26.73304347826087,-0.5030434782608708
114,2013-07-01,C,EU27_2020,94.8,I15,26.070434782608697,100.26869232394083,25.075334853779864,95.3,-0.5,26.23,-0.1595652173913038
115,2013-08-01,C,EU27_2020,95.2,I15,25.55181818181818,100.3368088711031,25.238899331026673,94.8,0.4000000000000057,26.070434782608697,-0.5186166007905157
116,2013-09-01,C,EU27_2020,95.4,I15,26.478571428571428,100.40492541826538,25.40246380827348,95.2,0.20000000000000284,25.55181818181818,0.9267532467532469
117,2013-10-01,C,EU27_2020,95.1,I15,25.86869565217392,100.47304196542767,25.566028285520282,95.4,-0.30000000000001137,26.478571428571428,-0.6098757763975087
118,2013-11-01,C,EU27_2020,96.4,I15,27.18047619047619,100.54115851258994,25.72959276276709,95.1,1.3000000000000114,25.86869565217392,1.3117805383022692
119,2013-12-01,C,EU27_2020,96.3,I15,27.702727272727277,100.60927505975222,25.8931572400139,96.4,-0.10000000000000853,27.18047619047619,0.5222510822510884
120,2014-01-01,C,EU27_2020,96.5,I15,26.253913043478263,100.6773916069145,26.056721717260707,96.3,0.20000000000000284,27.702727272727277,-1.4488142292490132
121,2014-02-01,C,EU27_2020,97.3,I15,23.849,100.74550815407677,26.220286194507516,96.5,0.7999999999999972,26.253913043478263,-2.4049130434782633
122,2014-03-01,C,EU27_2020,96.7,I15,22.767142857142854,100.81362470123905,26.383850671754317,97.3,-0.5999999999999943,23.849,-1.081857142857146
123,2014-04-01,C,EU27_2020,98.2,I15,20.423181818181817,100.88174124840133,26.547415149001125,96.7,1.5,22.767142857142854,-2.3439610389610372
124,2014-05-01,C,EU27_2020,97.0,I15,19.08818181818182,100.9498577955636,26.710979626247934,98.2,-1.2000000000000028,20.423181818181817,-1.3349999999999973
125,2014-06-01,C,EU27_2020,96.7,I15,17.39190476190476,101.01797434272588,26.874544103494742,97.0,-0.29999999999999716,19.08818181818182,-1.696277056277058
126,2014-07-01,C,EU27_2020,97.7,I15,16.50565217391304,101.08609088988815,27.03810858074155,96.7,1.0,17.39190476190476,-0.88625258799172
127,2014-08-01,C,EU27_2020,95.9,I15,17.497142857142858,101.15420743705043,27.20167305798835,97.7,-1.7999999999999972,16.50565217391304,0.9914906832298165
128,2014-09-01,C,EU27_2020,96.9,I15,20.74863636363636,101.22232398421271,27.36523753523516,95.9,1.0,17.497142857142858,3.251493506493503
129,2014-10-01,C,EU27_2020,96.7,I15,21.268260869565218,101.29044053137498,27.528802012481968,96.9,-0.20000000000000284,20.74863636363636,0.5196245059288565
130,2014-11-01,C,EU27_2020,96.6,I15,22.978,101.35855707853726,27.692366489728776,96.7,-0.10000000000000853,21.268260869565218,1.7097391304347838
131,2014-12-01,C,EU27_2020,97.9,I15,22.520869565217392,101.42667362569954,27.855930966975585,96.6,1.3000000000000114,22.978,-0.4571304347826093
132,2015-01-01,C,EU27_2020,97.3,I15,19.755,101.49479017286181,28.019495444222386,97.9,-0.6000000000000085,22.520869565217392,-2.7658695652173932
133,2015-02-01,C,EU27_2020,99.5,I15,22.566,101.56290672002409,28.183059921469194,97.3,2.200000000000003,19.755,2.811
134,2015-03-01,C,EU27_2020,99.9,I15,21.856818181818184,101.63102326718636,28.346624398716003,99.5,0.4000000000000057,22.566,-0.7091818181818148
135,2015-04-01,C,EU27_2020,99.5,I15,22.078181818181815,101.69913981434864,28.51018887596281,99.9,-0.4000000000000057,21.856818181818184,0.22136363636363043
136,2015-05-01,C,EU27_2020,100.2,I15,20.548571428571428,101.76725636151092,28.67375335320962,99.5,0.7000000000000028,22.078181818181815,-1.5296103896103865
137,2015-06-01,C,EU27_2020,100.6,I15,20.520454545454545,101.8353729086732,28.83731783045642,100.2,0.3999999999999915,20.548571428571428,-0.02811688311688343
138,2015-07-01,C,EU27_2020,100.6,I15,20.858260869565218,101.90348945583547,29.00088230770323,100.6,0.0,20.520454545454545,0.337806324110673
139,2015-08-01,C,EU27_2020,100.2,I15,19.57619047619048,101.97160600299775,29.164446784950037,100.6,-0.3999999999999915,20.858260869565218,-1.2820703933747382
140,2015-09-01,C,EU27_2020,100.4,I15,19.16,102.03972255016004,29.328011262196846,100.2,0.20000000000000284,19.57619047619048,-0.41619047619047933
141,2015-10-01,C,EU27_2020,100.5,I15,18.24363636363637,102.10783909732231,29.491575739443654,100.4,0.09999999999999432,19.16,-0.9163636363636307
142,2015-11-01,C,EU27_2020,100.2,I15,17.202380952380953,102.17595564448459,29.655140216690455,100.5,-0.29999999999999716,18.24363636363637,-1.0412554112554169
143,2015-12-01,C,EU27_2020,100.9,I15,15.640869565217391,102.24407219164686,29.818704693937264,100.2,0.7000000000000028,17.202380952380953,-1.561511387163561
144,2016-01-01,C,EU27_2020,103.4,I15,13.904285714285717,102.31218873880914,29.982269171184072,100.9,2.5,15.640869565217391,-1.7365838509316749
145,2016-02-01,C,EU27_2020,101.5,I15,12.476666666666668,102.38030528597142,30.14583364843088,103.4,-1.9000000000000057,13.904285714285717,-1.4276190476190482
146,2016-03-01,C,EU27_2020,100.5,I15,12.267826086956523,102.4484218331337,30.30939812567769,101.5,-1.0,12.476666666666668,-0.20884057971014514
147,2016-04-01,C,EU27_2020,102.2,I15,11.98,102.51653838029597,30.47296260292449,100.5,1.7000000000000028,12.267826086956523,-0.2878260869565228
148,2016-05-01,C,EU27_2020,100.6,I15,13.04090909090909,102.58465492745825,30.636527080171298,102.2,-1.6000000000000085,11.98,1.0609090909090888
149,2016-06-01,C,EU27_2020,101.9,I15,14.41590909090909,102.65277147462052,30.800091557418106,100.6,1.3000000000000114,13.04090909090909,1.375
150,2016-07-01,C,EU27_2020,101.9,I15,14.24190476190476,102.7208880217828,30.963656034664915,101.9,0.0,14.41590909090909,-0.1740043290043296
151,2016-08-01,C,EU27_2020,101.8,I15,11.980869565217391,102.78900456894507,31.127220511911723,101.9,-0.10000000000000853,14.24190476190476,-2.2610351966873683
152,2016-09-01,C,EU27_2020,101.8,I15,12.282272727272726,102.85712111610735,31.290784989158524,101.8,0.0,11.980869565217391,0.301403162055335
153,2016-10-01,C,EU27_2020,102.7,I15,16.093809523809526,102.92523766326963,31.454349466405333,101.8,0.9000000000000057,12.282272727272726,3.8115367965367994
154,2016-11-01,C,EU27_2020,103.1,I15,17.90590909090909,102.9933542104319,31.61791394365214,102.7,0.3999999999999915,16.093809523809526,1.8120995670995654
155,2016-12-01,C,EU27_2020,103.1,I15,17.689545454545456,103.06147075759418,31.78147842089895,103.1,0.0,17.90590909090909,-0.21636363636363498
156,2017-01-01,C,EU27_2020,102.2,I15,20.12272727272727,103.12958730475646,31.945042898145758,103.1,-0.8999999999999915,17.689545454545456,2.433181818181815
157,2017-02-01,C,EU27_2020,103.7,I15,19.553,103.19770385191873,32.10860737539256,102.2,1.5,20.12272727272727,-0.5697272727272704
158,2017-03-01,C,EU27_2020,103.7,I15,15.799130434782608,103.26582039908101,32.27217185263937,103.7,0.0,19.553,-3.753869565217393
159,2017-04-01,C,EU27_2020,104.3,I15,16.058,103.33393694624328,32.435736329886176,103.7,0.5999999999999943,15.799130434782608,0.2588695652173918
160,2017-05-01,C,EU27_2020,104.9,I15,15.669130434782607,103.40205349340556,32.599300807132984,104.3,0.6000000000000085,16.058,-0.3888695652173926
161,2017-06-01,C,EU27_2020,104.3,I15,15.134545454545451,103.47017004056784,32.76286528437979,104.9,-0.6000000000000085,15.669130434782607,-0.5345849802371561
162,2017-07-01,C,EU27_2020,105.8,I15,15.095714285714283,103.53828658773011,32.92642976162659,104.3,1.5,15.134545454545451,-0.03883116883116777
163,2017-08-01,C,EU27_2020,106.7,I15,15.99304347826087,103.60640313489239,33.0899942388734,105.8,0.9000000000000057,15.095714285714283,0.8973291925465858
164,2017-09-01,C,EU27_2020,106.2,I15,17.302857142857142,103.67451968205467,33.25355871612021,106.7,-0.5,15.99304347826087,1.3098136645962732
165,2017-10-01,C,EU27_2020,106.8,I15,17.10363636363636,103.74263622921694,33.41712319336702,106.2,0.5999999999999943,17.302857142857142,-0.19922077922078074
166,2017-11-01,C,EU27_2020,109.1,I15,19.57090909090909,103.81075277637922,33.58068767061383,106.8,2.299999999999997,17.10363636363636,2.4672727272727286
167,2017-12-01,C,EU27_2020,109.7,I15,20.79523809523809,103.8788693235415,33.74425214786063,109.1,0.6000000000000085,19.57090909090909,1.2243290043290003
168,2018-01-01,C,EU27_2020,108.0,I15,18.6,103.94698587070377,33.907816625107436,109.7,-1.7000000000000028,20.79523809523809,-2.195238095238089
169,2018-02-01,C,EU27_2020,106.2,I15,21.679,104.01510241786606,34.071381102354245,108.0,-1.7999999999999972,18.6,3.078999999999997
170,2018-03-01,C,EU27_2020,106.3,I15,23.622727272727275,104.08321896502834,34.23494557960105,106.2,0.09999999999999432,21.679,1.9437272727272763
171,2018-04-01,C,EU27_2020,106.8,I15,19.645238095238096,104.15133551219061,34.39851005684786,106.3,0.5,23.622727272727275,-3.977489177489179
172,2018-05-01,C,EU27_2020,108.4,I15,21.566086956521737,104.21945205935289,34.56207453409466,106.8,1.6000000000000085,19.645238095238096,1.9208488612836412
173,2018-06-01,C,EU27_2020,108.1,I15,21.92761904761905,104.28756860651517,34.72563901134147,108.4,-0.30000000000001137,21.566086956521737,0.3615320910973132
174,2018-07-01,C,EU27_2020,106.5,I15,22.253636363636364,104.35568515367744,34.88920348858828,108.1,-1.5999999999999943,21.92761904761905,0.3260173160173139
175,2018-08-01,C,EU27_2020,108.2,I15,23.94347826086957,104.42380170083972,35.05276796583509,106.5,1.7000000000000028,22.253636363636364,1.6898418972332045
176,2018-09-01,C,EU27_2020,107.3,I15,27.837,104.491918248002,35.21633244308189,108.2,-0.9000000000000057,23.94347826086957,3.8935217391304313
177,2018-10-01,C,EU27_2020,108.3,I15,25.539565217391303,104.56003479516427,35.3798969203287,107.3,1.0,27.837,-2.297434782608697
178,2018-11-01,C,EU27_2020,106.4,I15,24.633636363636366,104.62815134232655,35.543461397575506,108.3,-1.8999999999999915,25.539565217391303,-0.9059288537549364
179,2018-12-01,C,EU27_2020,107.2,I15,23.66619047619048,104.69626788948882,35.707025874822314,106.4,0.7999999999999972,24.633636363636366,-0.9674458874458871
180,2019-01-01,C,EU27_2020,107.9,I15,21.39782608695652,104.7643844366511,35.87059035206912,107.2,0.7000000000000028,23.66619047619048,-2.268364389233959
181,2019-02-01,C,EU27_2020,108.0,I15,18.0035,104.83250098381338,36.03415482931592,107.9,0.09999999999999432,21.39782608695652,-3.3943260869565215
182,2019-03-01,C,EU27_2020,108.1,I15,15.697619047619046,104.90061753097565,36.19771930656273,108.0,0.09999999999999432,18.0035,-2.305880952380953
183,2019-04-01,C,EU27_2020,107.9,I15,15.041818181818185,104.96873407813793,36.36128378380954,108.1,-0.19999999999998863,15.697619047619046,-0.6558008658008614
184,2019-05-01,C,EU27_2020,108.3,I15,13.298695652173912,105.0368506253002,36.52484826105635,107.9,0.3999999999999915,15.041818181818185,-1.743122529644273
185,2019-06-01,C,EU27_2020,106.5,I15,10.5225,105.10496717246248,36.68841273830316,108.3,-1.7999999999999972,13.298695652173912,-2.776195652173911
186,2019-07-01,C,EU27_2020,106.4,I15,10.941304347826089,105.17308371962476,36.85197721554996,106.5,-0.09999999999999432,10.5225,0.41880434782608766
187,2019-08-01,C,EU27_2020,106.9,I15,10.029545454545454,105.24120026678703,37.015541692796766,106.4,0.5,10.941304347826089,-0.9117588932806342
188,2019-09-01,C,EU27_2020,107.1,I15,9.56809523809524,105.30931681394931,37.179106170043575,106.9,0.19999999999998863,10.029545454545454,-0.46145021645021345
189,2019-10-01,C,EU27_2020,107.7,I15,10.30913043478261,105.37743336111158,37.34267064729038,107.1,0.6000000000000085,9.56809523809524,0.7410351966873687
190,2019-11-01,C,EU27_2020,106.1,I15,14.763809523809524,105.44554990827386,37.50623512453719,107.7,-1.6000000000000085,10.30913043478261,4.454679089026914
191,2019-12-01,C,EU27_2020,104.5,I15,13.031363636363636,105.51366645543615,37.66979960178399,106.1,-1.5999999999999943,14.763809523809524,-1.7324458874458877
192,2020-01-01,C,EU27_2020,107.2,I15,11.144782608695651,105.58178300259843,37.8333640790308,104.5,2.700000000000003,13.031363636363636,-1.8865810276679849
193,2020-02-01,C,EU27_2020,106.7,I15,9.3725,105.6498995497607,37.99692855627761,107.2,-0.5,11.144782608695651,-1.772282608695651
194,2020-03-01,C,EU27_2020,95.3,I15,8.622727272727273,105.71801609692298,38.16049303352442,106.7,-11.400000000000006,9.3725,-0.7497727272727275
195,2020-04-01,C,EU27_2020,76.0,I15,6.54,105.78613264408526,38.324057510771226,95.3,-19.299999999999997,8.622727272727273,-2.082727272727273
196,2020-05-01,C,EU27_2020,86.4,I15,4.575714285714286,105.85424919124753,38.48762198801803,76.0,10.400000000000006,6.54,-1.9642857142857144
197,2020-06-01,C,EU27_2020,95.3,I15,4.991818181818181,105.92236573840981,38.651186465264836,86.4,8.899999999999991,4.575714285714286,0.41610389610389564
198,2020-07-01,C,EU27_2020,100.1,I15,4.879565217391304,105.99048228557209,38.814750942511644,95.3,4.799999999999997,4.991818181818181,-0.11225296442687682
199,2020-08-01,C,EU27_2020,101.0,I15,7.533333333333333,106.05859883273436,38.97831541975845,100.1,0.9000000000000057,4.879565217391304,2.6537681159420288
200,2020-09-01,C,EU27_2020,101.5,I15,11.161818181818182,106.12671537989664,39.14187989700525,101.0,0.5,7.533333333333333,3.628484848484849
201,2020-10-01,C,EU27_2020,104.5,I15,13.955454545454543,106.19483192705891,39.30544437425206,101.5,3.0,11.161818181818182,2.7936363636363613
202,2020-11-01,C,EU27_2020,107.6,I15,13.794285714285715,106.26294847422119,39.46900885149887,104.5,3.0999999999999943,13.955454545454543,-0.16116883116882796
203,2020-12-01,C,EU27_2020,108.1,I15,16.34565217391304,106.33106502138347,39.63257332874568,107.6,0.5,13.794285714285715,2.551366459627326
204,2021-01-01,C,EU27_2020,109.0,I15,20.476190476190474,106.39918156854574,39.79613780599249,108.1,0.9000000000000057,16.34565217391304,4.130538302277433
205,2021-02-01,C,EU27_2020,107.4,I15,17.4085,106.46729811570802,39.95970228323929,109.0,-1.5999999999999943,20.476190476190474,-3.0676904761904744
206,2021-03-01,C,EU27_2020,108.9,I15,17.795217391304348,106.5354146628703,40.123266760486096,107.4,1.5,17.4085,0.386717391304348
207,2021-04-01,C,EU27_2020,109.9,I15,20.775454545454547,106.60353121003257,40.286831237732905,108.9,1.0,17.795217391304348,2.980237154150199
208,2021-05-01,C,EU27_2020,108.2,I15,25.285238095238096,106.67164775719485,40.45039571497971,109.9,-1.7000000000000028,20.775454545454547,4.509783549783549
209,2021-06-01,C,EU27_2020,107.1,I15,29.238636363636363,106.73976430435712,40.61396019222652,108.2,-1.1000000000000085,25.285238095238096,3.953398268398267
210,2021-07-01,C,EU27_2020,109.7,I15,36.13954545454545,106.8078808515194,40.77752466947332,107.1,2.6000000000000085,29.238636363636363,6.900909090909085
211,2021-08-01,C,EU27_2020,107.1,I15,44.30409090909091,106.87599739868168,40.94108914672013,109.7,-2.6000000000000085,36.13954545454545,8.164545454545461
212,2021-09-01,C,EU27_2020,107.3,I15,64.45363636363636,106.94411394584395,41.10465362396694,107.1,0.20000000000000284,44.30409090909091,20.149545454545454
213,2021-10-01,C,EU27_2020,108.0,I15,87.69238095238094,107.01223049300623,41.26821810121375,107.3,0.7000000000000028,64.45363636363636,23.23874458874458
214,2021-11-01,C,EU27_2020,109.3,I15,81.92136363636364,107.0803470401685,41.431782578460556,108.0,1.2999999999999972,87.69238095238094,-5.771017316017307
215,2021-12-01,C,EU27_2020,113.7,I15,112.80739130434785,107.14846358733078,41.59534705570736,109.3,4.400000000000006,81.92136363636364,30.88602766798421
216,2022-01-01,C,EU27_2020,111.5,I15,84.06952380952382,107.21658013449306,41.758911532954166,113.7,-2.200000000000003,112.80739130434785,-28.73786749482403
217,2022-02-01,C,EU27_2020,111.9,I15,81.164,107.28469668165533,41.922476010200974,111.5,0.4000000000000057,84.06952380952382,-2.905523809523814
218,2022-03-01,C,EU27_2020,111.6,I15,129.18304347826088,107.35281322881761,42.08604048744778,111.9,-0.30000000000001137,81.164,48.01904347826088
219,2022-04-01,C,EU27_2020,110.2,I15,101.06238095238096,107.42092977597989,42.24960496469459,111.6,-1.3999999999999915,129.18304347826088,-28.120662525879922
220,2022-05-01,C,EU27_2020,113.7,I15,88.58863636363637,107.48904632314218,42.41316944194139,110.2,3.5,101.06238095238096,-12.473744588744594
221,2022-06-01,C,EU27_2020,113.3,I15,106.29454545454546,107.55716287030445,42.5767339191882,113.7,-0.4000000000000057,88.58863636363637,17.70590909090909
222,2022-07-01,C,EU27_2020,110.6,I15,171.41666666666666,107.62527941746673,42.74029839643501,113.3,-2.700000000000003,106.29454545454546,65.1221212121212
223,2022-08-01,C,EU27_2020,113.9,I15,235.68391304347824,107.693395964629,42.90386287368182,110.6,3.3000000000000114,171.41666666666666,64.26724637681158
224,2022-09-01,C,EU27_2020,114.7,I15,190.24181818181816,107.76151251179128,43.06742735092862,113.9,0.7999999999999972,235.68391304347824,-45.44209486166008
225,2022-10-01,C,EU27_2020,113.9,I15,72.15047619047618,107.82962905895356,43.230991828175426,114.7,-0.7999999999999972,190.24181818181816,-118.09134199134198
226,2022-11-01,C,EU27_2020,114.2,I15,96.28181818181817,107.89774560611583,43.394556305422235,113.9,0.29999999999999716,72.15047619047618,24.131341991341984
227,2022-12-01,C,EU27_2020,113.5,I15,113.9918181818182,107.96586215327811,43.55812078266904,114.2,-0.7000000000000028,96.28181818181817,17.710000000000036
228,2023-01-01,C,EU27_2020,113.5,I15,63.004090909090905,108.03397870044039,43.72168525991585,113.5,0.0,113.9918181818182,-50.9877272727273
229,2023-02-01,C,EU27_2020,115.3,I15,53.353,108.10209524760266,43.88524973716265,113.5,1.7999999999999972,63.004090909090905,-9.651090909090904
230,2023-03-01,C,EU27_2020,110.3,I15,44.18782608695652,108.17021179476494,44.04881421440946,115.3,-5.0,53.353,-9.165173913043482
231,2023-04-01,C,EU27_2020,111.6,I15,42.585,108.23832834192721,44.21237869165627,110.3,1.2999999999999972,44.18782608695652,-1.6028260869565187
232,2023-05-01,C,EU27_2020,111.8,I15,31.335652173913044,108.30644488908949,44.37594316890308,111.6,0.20000000000000284,42.585,-11.249347826086957
233,2023-06-01,C,EU27_2020,112.9,I15,32.39909090909091,108.37456143625177,44.539507646149886,111.8,1.1000000000000085,31.335652173913044,1.063438735177865
234,2023-07-01,C,EU27_2020,108.6,I15,29.665714285714287,108.44267798341404,44.70307212339669,112.9,-4.300000000000011,32.39909090909091,-2.7333766233766212
235,2023-08-01,C,EU27_2020,109.0,I15,33.52304347826087,108.51079453057632,44.866636600643496,108.6,0.4000000000000057,29.665714285714287,3.8573291925465796
236,2023-09-01,C,EU27_2020,108.5,I15,36.52761904761905,108.5789110777386,45.030201077890304,109.0,-0.5,33.52304347826087,3.004575569358181
237,2023-10-01,C,EU27_2020,108.1,I15,43.264545454545456,108.64702762490087,45.19376555513711,108.5,-0.4000000000000057,36.52761904761905,6.736926406926408
238,2023-11-01,C,EU27_2020,108.7,I15,43.269090909090906,108.71514417206315,45.35733003238392,108.1,0.6000000000000085,43.264545454545456,0.004545454545450411
239,2023-12-01,C,EU27_2020,116.1,I15,35.318571428571424,108.78326071922542,45.52089450963072,108.7,7.3999999999999915,43.269090909090906,-7.950519480519482
